Factor,Mean_bps,StdDev_bps,Min_bps,Max_bps
Parallel Shift,-1.4640900000000003,95.55341591835204,-369.78,299.21
Twist Factor,1.89262,49.85691415867033,-142.3,158.98
Butterfly Factor,1.35036,30.39244052904787,-108.82,99.16
