Risk Metric,Value_INR
VaR 95%,-1976671.4279999998
CVaR 95%,-2377153.6888
VaR 99%,-2517270.9615
CVaR 99%,-2999457.146
Best Scenario P&L,5948564.1
Worst Scenario P&L,-3399503.91
Average Scenario P&L,84166.30197
