Feature,Importance
CouponRate,0.44444750043185594
ModifiedDuration,0.19758725516542688
YieldToMaturity,0.09854758778297565
Convexity,0.08532966375133971
DV01_Per100Face,0.0843506937988365
YearsToMaturity,0.06805934485982618
ZSpread_bps,0.017739064038705676
OAS_bps,0.0024574459271149355
SpreadOverBenchmark_bps,0.0014814442439185615
