Model,MAE,RMSE,R2_Score
Random Forest Regressor,1.8716894499999879,3.693515508804858,0.6548508204675036
