Shock_bps,Duration_Effect_INR,Convexity_Effect_INR,Total_PnL_INR,PnL_Percentage
-200,2694992.4713416677,282515.80182721023,2977508.2731688777,0.09287489133293998
-100,1347496.2356708338,70628.95045680256,1418125.1861276363,0.044234376691734995
-50,673748.1178354169,17657.23761420064,691405.3554496176,0.02156642110218375
-25,336874.05891770846,4414.30940355016,341288.36832125863,0.010645518740170936
25,-336874.05891770846,4414.30940355016,-332459.7495141583,-0.010370135118329061
50,-673748.1178354169,17657.23761420064,-656090.8802212162,-0.020464886614816248
100,-1347496.2356708338,70628.95045680256,-1276867.2852140313,-0.039828238742265
200,-2694992.4713416677,282515.80182721023,-2412476.6695144577,-0.07525033953506
