Model,MAE,RMSE,R2_Score
XGBoost Regressor,1.4332116345214847,3.163154070776282,0.746855973589283
